OrgNo;FirmaNavn;Status;AntallAnsatte;OrganisasjonsformKode;Naeringskode
937967438;Karlsens Billakkering AS;Aktiv;10;AS;45.200
998900077;PowerOffice Software AS;Slettet;;AS;
980386465;PowerOffice AS;Aktiv;92;AS;58.290
835000702;A.Markussen AS;Aktiv;43;AS;81.300
912444465;Bodø Gårdeierforening;Aktiv;;FLI;94.110
989158910;Tsi Holding AS - Gammel;Aktiv;;AS;68.100
985818088;Byggsikkerhet AS;Aktiv;;AS;71.129
811987972;SØRESTRANDA EIENDOM AS;Aktiv;;AS;68.100
991758984;K Hansen Optik AS;Aktiv;13;AS;47.782
884586372;Hi-Fi Klubben- Audiovisuell Distribusjon Bodø AS;Aktiv;;AS;47.430
813452642;Fotograf Mats Jensaas AS;Aktiv;5;AS;74.200
965583262;Caranord AS;Aktiv;6;AS;45.192
997104315;Nordlysbuen Apartments AS;Aktiv;;AS;68.209
992509503;Nordlysbuen Pensjonat AS;Aktiv;;AS;55.101
914861594;Muna AS;Konkurs;;AS;69.201
913267494;Of Course AS;Aktiv;;AS;70.220
988690341;Acustus Holding AS;Aktiv;;AS;70.220
985611475;Acustus Haller AS;Aktiv;;AS;46.900
981205219;Acustus Maskinering og Hydraulikk AS;Aktiv;6;AS;28.290
964854173;Acustus Sveis AS;Aktiv;25;AS;25.620
914007666;SKOHJØRNET AS;Aktiv;6;AS;47.721
981682599;Bovel Eiendom AS;Slettet;;AS;
950485922;Økoråd Narvik AS;Aktiv;16;AS;69.201
913013670;Trusted Advisors AS;Aktiv;;AS;70.220
989452428;Kongensgate 14 - 18 AS;Aktiv;;AS;70.220
991559035;Aktiv Sanering AS;Aktiv;;AS;81.101
123456780;Demoklient Økonor;Feil;;;
995108577;Ne Utleie AS;Aktiv;;AS;55.201
912040127;Kjøkken og Design AS;Aktiv;;AS;47.599
950533676;Økoråd Evenskjer AS;Aktiv;10;AS;69.201
886520972;Regnskapskontoret Biz AS;Slettet;;AS;
914246970;MODE Studio AS;Aktiv;11;AS;96.020
957618316;Steen & Jensen AS;Aktiv;14;AS;69.201
989111647;ECIT Veiby Akonto AS;Aktiv;45;AS;69.201
989241079;VEIBY INVEST AS;Aktiv;;AS;68.209
981319656;Element Arkitekter AS;Aktiv;15;AS;71.112
935085438;Edgeing Holding AS;Aktiv;;AS;00.000
985554595;D Mathisen Entreprenør AS;Aktiv;;AS;41.200
985836949;Merkur Regnskap SA;Aktiv;24;SA;69.201
913304225;Næring i Nord AS;Aktiv;13;AS;73.110
967733938;Narvik TV Rørinspeksjon AS;Aktiv;;AS;43.221
944886923;Skien Regnskapskontor AS;Aktiv;7;AS;69.201
994185152;Barnehagen Victoriahavn AS;Aktiv;24;AS;88.911
999274242;Handelskompaniet Salg & Service AS;Aktiv;;AS;32.990
974281163;KURPPA HOSK AS;Aktiv;23;AS;73.110
938768188;Bodø Røde Kors;Aktiv;;FLI;88.995
971229314;Nordmaling og Belegg AS;Aktiv;10;AS;43.341
998088054;Miljø Rent Nord AS;Aktiv;52;AS;81.210
997071387;Holmen Bilservice AS;Aktiv;6;AS;45.200
914269040;Veiendom AS;Aktiv;;AS;68.209
914943809;Solan Transport AS;Slettet;;AS;
940692490;Urmakermester Nils K Westrheim;Aktiv;;ENK;93.291
998071704;Global Consult AS;Aktiv;;AS;70.220
988731072;AK-Regnskap AS;Aktiv;6;AS;69.201
994791435;NARVIK EIENDOM AS;Aktiv;;AS;68.209
912585301;Moloveien 12 AS;Aktiv;;AS;68.320
914213924;Lindahl AS;Aktiv;6;AS;47.523
923888985;Din Rørlegger Narvik AS;Aktiv;13;AS;43.221
814324982;TORVET AS;Aktiv;;AS;68.209
958276648;Malmen Pub AS;Aktiv;17;AS;56.301
914443873;Frydenlund Utleie AS;Aktiv;;AS;68.209
988450073;Ole Sørskår AS;Aktiv;;AS;70.220
975855635;Åfjord Regnskap AS;Aktiv;29;AS;69.201
987368675;Fosen-Hytta AS;Slettet;;AS;
997125835;Leksvik Industrimekanikk AS;Aktiv;15;AS;33.120
871231362;Økonomihuset Fauske AS;Aktiv;9;AS;69.201
911900785;Narvik Blikk Chr Føre A/S;Aktiv;11;AS;43.911
998635047;Victoria Helse AS;Aktiv;;AS;68.209
932325101;Markussens Begravelsesbyrå AS;Aktiv;11;AS;96.030
998635063;Skistua Bolig AS;Aktiv;;AS;41.109
914469678;Schjønhaug AS;Aktiv;;AS;74.101
851987142;SpareBank 1 Regnskapshuset Nord-Norge AS avd Fauske;Aktiv;305;AS;69.201
938367078;SR-Rekneskap AS;Slettet;;AS;
912167429;Reidun Gulbrandsen Regnskapskontor AS;Aktiv;;AS;69.201
986388346;Ljungmann AS;Aktiv;7;AS;25.620
922809917;Helle Nygaard Regnskapskontor AS;Aktiv;;AS;69.201
914087457;Lunde Bygg AS;Aktiv;9;AS;41.200
969026155;Corponor AS;Aktiv;;AS;82.990
992356960;US PROPERTY AS;Aktiv;;AS;68.100
989559869;J.K Utleie AS;Aktiv;;AS;68.209
912040925;Nordisk Varme AS;Aktiv;5;AS;43.222
994744127;Sulitjelma Fjellandsby AS;Aktiv;20;AS;93.292
999342213;Front Dame og Herrefrisør AS;Aktiv;;AS;96.020
967253049;Narvik Bedriftshelsetjeneste SA;Aktiv;8;SA;86.904
987877480;Lydteamet AS;Aktiv;19;AS;90.020
981137299;Astafjord Slakteri AS;Aktiv;93;AS;10.202
948135264;Fjelldal Kantine AS;UnderAvvikling;;AS;56.290
999336965;Grom Eiendom AS;Aktiv;;AS;33.120
997095987;Førstehjelpspartner AS;Aktiv;5;AS;46.180
980766535;Norsk IT Drift AS;Aktiv;5;AS;46.510
979491611;EVER AS;Aktiv;31;AS;69.201
950429992;Dags Maskin AS;Aktiv;14;AS;43.990
931282506;Revicom AS;Aktiv;39;AS;69.202
958916116;Astafjord Smolt A/S;Aktiv;21;AS;03.222
977520053;Sandhei Holding AS;Aktiv;;AS;33.120
987309113;Imtas Prosjekt AS;Aktiv;110;AS;33.120
988365777;Gratanglaks AS;Aktiv;54;AS;03.211
984453035;Strandveien Senter AS;Aktiv;;AS;68.209
914455456;Hoppensprett Narvik AS;Slettet;;AS;
987705507;Imtas Eiendom AS;Aktiv;;AS;68.209
980386465;PowerOffice Demo;Aktiv;92;AS;58.290
997475976;Narvik Marina AS;Aktiv;;AS;45.112
913779509;Bodø Windsurfing;Aktiv;;FLI;93.120
986662391;Brendebakken Verk AS;Aktiv;;AS;82.990
998536324;TELTPROFFEN AS;Aktiv;10;AS;77.210
922633452;Aider system;Aktiv;1036;AS;69.201
914778824;MM Prosjekt AS;Aktiv;;AS;41.200
989130846;Tid og Penger AS;Aktiv;6;AS;69.201
996025349;Johnsen bygg og utleie;Aktiv;;ENK;41.200
912315282;Fremmersvik AS;Aktiv;;AS;90.020
919807784;Narvik Bygg AS;Aktiv;47;AS;41.200
920565395;Aspia Nord  AS;Slettet;;AS;
912270440;Indira AS;Aktiv;51;AS;71.121
893934162;Salten Sportsflyklubb;Aktiv;;FLI;93.120
914624649;Eiendom Nord AS;Aktiv;;AS;68.209
914087309;Rogaland Sjø AS;Aktiv;;AS;77.340
986859861;Askvig AS;Aktiv;;AS;03.211
991507299;Askvig Eiendom AS;Aktiv;;AS;68.209
989215442;Rovi AS;Aktiv;;AS;71.129
944663002;Finnøy Fisk AS;Aktiv;;AS;03.211
988397725;Fisterkaien AS;Aktiv;;AS;68.320
989675982;Randøy Feriepark AS;Aktiv;;AS;55.300
981979583;Fister Smolt AS;Aktiv;19;AS;03.222
883692012;BO BYGG AS;Aktiv;;AS;41.200
992534176;Kvit Vinter AS;Aktiv;;AS;68.209
992094893;Fjordglytt AS;Aktiv;;AS;68.209
999330061;FATLAND KRAFT AS;Aktiv;;AS;36.000
916802048;Sigv Tomstad AS;Aktiv;;AS;68.209
886995482;Vighedlå AS;Aktiv;;AS;41.109
985188076;Eventus Sandvika ANS;Aktiv;;ANS;69.201
813083272;Konkurs Tom Larsen Transport AS;Slettet;;AS;
997660153;Dama Di AS;Aktiv;18;AS;56.301
962296726;Tm Invest AS;Aktiv;;AS;68.209
995285207;Elvegård Fjordcamp, Tony Griff Pettersen;Aktiv;;ENK;55.300
860671492;Arntsen Maskinstasjon AS;Aktiv;;AS;43.120
931016091;Ingolf Thune AS;Aktiv;67;AS;49.410
983976883;Narvik Svømmeklubb;Aktiv;;FLI;93.120
981883179;Krafftwork Erik N. H. Krafft;Aktiv;;ENK;90.012
930455393;Snekkermester Viggo Remman AS;Aktiv;10;AS;41.200
984101953;John Jakobsen Transport AS;Aktiv;10;AS;49.410
886972512;Småbergan AS;Aktiv;;AS;68.209
975506932;Boligsameiet Bergensveien 4;Aktiv;;ESEK;97.000
882574512;Kol Transport AS;Aktiv;10;AS;49.410
989077279;Wolden Maskin AS;Aktiv;14;AS;43.120
998421071;Origo Management AS;Aktiv;;AS;77.110
986436510;Amark Eiendom AS;Aktiv;;AS;68.209
890591272;Skarvenesveien 6 AS;Aktiv;;AS;68.209
989810731;GH Maskin & Marineservice AS;Aktiv;;AS;22.290
913871979;Fagerhaug Maskin AS;Aktiv;25;AS;43.120
988336106;Kb Management AS;Aktiv;;AS;62.020
984127448;Økonomi og Regnskapspartner AS;Aktiv;;AS;69.201
857043022;Millejordnes AS;Aktiv;;AS;56.301
995737698;Lynne Publishing AS;Aktiv;;AS;59.200
914473152;Grunn og Betong Entreprenør AS;Aktiv;;AS;43.990
899312252;Green Adventure AS;Aktiv;;AS;46.370
986006869;Forlaget 67N Rolf Liland;Aktiv;;ENK;58.190
998628083;Direkte Regnskap AS;Aktiv;;AS;69.201
995864304;Jke Narvik AS;Aktiv;;AS;47.599
912828719;Moment Bolig AS;Slettet;;AS;
966313404;EKSTERN REGNSKAP AS;Aktiv;8;AS;69.201
924400676;Espen Eriksen Transport;Aktiv;;ENK;49.320
964532753;Lindahl Eiendommer AS;Aktiv;;AS;68.209
996250881;Harder AS;Aktiv;5;AS;71.121
929199596;Harder Eiendom AS;Aktiv;5;AS;68.209
914917573;Opplyst;Aktiv;;FLI;85.609
898316572;Resultat AS;Aktiv;;AS;69.201
996043452;KLUBBHOLMEN 6C AS;Aktiv;;AS;68.209
992401079;HS Kobber og Blikkenslager AS;Aktiv;;AS;43.911
914315204;Lindahl Bolig I AS;Aktiv;;AS;68.100
993614882;ØkoRåd NordSalten AS;Aktiv;7;AS;69.201
914315263;Lindahl Bolig II AS;Aktiv;;AS;68.209
911810271;FOTOGRAF KAROLINE O.A.PETTERSEN AS;Aktiv;;AS;74.200
995928647;Helnessund Brygger AS;Aktiv;40;AS;55.202
916498136;WKN AS;Aktiv;;AS;69.202
815143272;STIAN STEFFENSEN AS;Aktiv;;AS;74.901
912107574;Hardwoods AS;Aktiv;;AS;71.121
992864281;Aurora Design & Media AS;Aktiv;;AS;74.102
848072222;Maestro - Testklient;Aktiv;39;AS;58.290
976470265;Freding Transport AS;Aktiv;;AS;43.120
989158953;Birgers Oljeselskap AS;Aktiv;;AS;93.291
992093382;Odd Lundberg AS;Aktiv;15;AS;03.111
992508949;Østerdalen Golfbane AS;Aktiv;;AS;93.110
911698420;by north as;Aktiv;7;AS;74.102
912899586;Emonkey AS;Aktiv;;AS;62.020
980386465;Warmup Produksjon;Aktiv;92;AS;58.290
913663837;Vaxa Property AS;Aktiv;17;AS;68.320
811573582;By1bil AS;Aktiv;;AS;45.320
913172817;Forsikring Helgeland AS;Aktiv;;AS;66.220
813322072;Waag Produksjoner AS;Konkurs;;AS;59.110
914092051;Arctic Media Expo AS;Aktiv;;AS;73.110
915294626;Supertune AS;Aktiv;;AS;47.522
915248039;Heiditt AS;Aktiv;;AS;70.220
913018486;Amundsen Rør AS;Aktiv;;AS;43.221
912282554;Fell Technology AS;Aktiv;34;AS;71.129
915104495;KBI Financial Management AS;Aktiv;;AS;70.220
915338259;Senzu Frisør AS;Aktiv;;AS;96.020
986551999;SHS Eiendom AS;Aktiv;;AS;68.209
915131794;Oslo Bygg- og Håndverkservice v/ Jess Møller;Aktiv;;ENK;41.200
932713985;Sparebank 1 Regnskapshuset Nord-Norge AS Avd Leknes;Feil;;;
982384079;Sparebank 1 Regnskapshuset Nord-Norge AS Avd Svolvær;Feil;;;
397436403;Mobile Demo Client;Feil;;;
987902736;Boligservice Narvik AS;Aktiv;;AS;41.200
988591637;A Markussen Holding AS;Aktiv;;AS;68.209
976096215;Jarnes Møbler AS;Aktiv;5;AS;31.090
912784037;Øyjord Ridehall AS;Aktiv;;AS;68.209
986516689;Equie Consulting Sissel Bjørklund;Aktiv;9;ENK;02.200
915018238;ZooExpressen AS;Aktiv;13;AS;47.762
915125948;Modell Hobby AS;Slettet;;AS;
914948142;Sparebank 1 Regnskapshuset Nord-Norge AS Avd Administrasjon;Slettet;;AS;
923435271;MoHo AS;Aktiv;;AS;68.209
914735084;Spektor Advokat AS;Aktiv;;AS;69.100
912326497;North Wine & Spirits AS;Aktiv;;AS;46.341
980866351;AIDER ACCOUNTING AS AVD BERGEN(F);Feil;;;
915555594;EA Bygg & Betong AS GAMMEL VERSJON;UnderAvvikling;;AS;43.990
958027028;Jaklamyra Barnehage SA;Aktiv;18;SA;88.911
970235760;Beisfjord Vannverk SA;Aktiv;;SA;36.000
970890696;Viktor Berg Transport AS;Aktiv;8;AS;49.410
988413356;Foldvik Bryggeferie AS;Aktiv;;AS;55.202
993168262;Stigma Salg og Tjenester AS;Aktiv;;AS;46.694
915662757;Trafikkskola Start AS;Aktiv;;AS;85.530
913752058;Din Gartner-Kawa AS;Aktiv;8;AS;81.300
912185001;Mee AS;Aktiv;;AS;62.020
914150132;Emptum AS;Aktiv;;AS;70.220
936066798;Lunt Hus AS;Aktiv;;AS;68.209
987520507;Sisomar AS;Aktiv;22;AS;03.222
994235729;SDG TBWA AS;Aktiv;13;AS;70.210
980386465;Maestro Demo;Aktiv;92;AS;58.290
995748711;Serversky AS;Slettet;;AS;
981894197;NEON Tattoo Studio AS;Aktiv;;AS;68.209
976221079;Hanne E Lynne;Aktiv;;ENK;01.620
989557580;Am Bygg AS;Aktiv;5;AS;41.200
948155184;Nord Norsk Spedisjon AS;Aktiv;;AS;52.291
915664466;Bio Drift AS;Aktiv;;AS;71.129
915717888;Clarify AS;Aktiv;;AS;62.010
947857169;Tandem AS;Aktiv;30;AS;69.201
967708933;JEK Regnskap AS;Aktiv;9;AS;69.201
925808571;Halsteinslid AS;Aktiv;6;AS;69.201
913981960;Brødrene Stormo AS;Aktiv;;AS;41.200
862655222;Statsautorisert revisor Jens Arne Hagen;Aktiv;;ENK;69.202
996160394;Åfjord Utvikling AS;Aktiv;;AS;41.109
995992345;Fryd Frisør AS;Aktiv;;AS;96.020
919732873;Kursjentene AS;Aktiv;;AS;85.599
815822102;Tellus Trading AS;Aktiv;;AS;73.110
985394717;Anleggsservice AS;Aktiv;13;AS;43.120
940426987;Unge Kunstneres Samfund;Aktiv;27;FLI;94.991
994056689;Ever Trondheim AS;Aktiv;13;AS;69.201
986442715;Sørby Gartneri AS;Aktiv;27;AS;01.130
943785805;Vest-Telemark Rekneskapsservice AS;Aktiv;9;AS;69.201
981241150;Odal Økonomi AS;Aktiv;38;AS;69.201
969239612;Mamen Hans Torer (Dødsbo);Slettet;;ENK;
980906965;Echas Revisjon AS;Aktiv;10;AS;69.202
987628065;Premio AS;Aktiv;;AS;69.201
976431189;Saltenposten AS;Aktiv;9;AS;58.130
891324472;Rømby AS;Slettet;;AS;
952617443;Enimente AS;Aktiv;6;AS;69.201
971435216;Ny Musikk;Aktiv;5;FLI;90.020
995967758;Det Andre Teatret AS;Aktiv;23;AS;90.040
988791369;Taran AS;Aktiv;6;AS;90.020
911648733;Bedre Økonomitjenester AS;Aktiv;11;AS;69.201
957771823;Nico Håndverk Malermester Sten Yttervik AS;Aktiv;11;AS;43.341
816073502;iProsess AS;Aktiv;;AS;70.220
997291212;Jrp Distribusjon AS;Aktiv;;AS;49.410
890419062;Møretrapp AS;Aktiv;;AS;43.320
916573065;GTM AS;Aktiv;47;AS;62.030
960896998;Lyngheia barnehage AS;Aktiv;30;AS;88.911
974379511;DIBkunnskap AS;Aktiv;45;AS;58.290
959264848;Skarsem Arild;Aktiv;;ENK;43.120
989996223;Byggmester Liljebakk AS;Aktiv;33;AS;41.200
980651169;Royal Optikk Narvik Storsenter;Aktiv;5;AS;47.782
994298275;Askeladden barnehage Sa;Aktiv;16;SA;88.911
915289452;Pumpa AS;Aktiv;;AS;47.300
916122160;Åfjordskroa Dijam AS;Aktiv;8;AS;56.101
995221608;Nettlønn AS - integrasjonstest;Aktiv;7;AS;62.010
926067303;Norgesregnskap - Viken Økonomi AS;Aktiv;9;AS;69.201
916056281;DiNord Eiendom AS;Slettet;;AS;
995377969;Alven Dame og Herrefrisør AS;Aktiv;5;AS;96.020
912428532;Astafjord Industrier AS;Aktiv;;AS;68.209
974645130;Futurum AS;Aktiv;5;AS;82.990
999057888;Hålogaland Brønn- og Energiboring AS;Konkurs;;AS;42.210
990040907;Merk-Kjeden AS;Aktiv;;AS;73.110
912403602;Møre Rør AS;Aktiv;6;AS;43.221
971482435;Malmklumpen barnehage SA;Aktiv;15;SA;88.911
916027699;Kp Service Nord AS;Aktiv;;AS;81.101
912548686;Malermester Vinterstad AS;Aktiv;;AS;43.341
987416874;Narvik Kapital AS;Aktiv;;AS;64.306
997869273;Solbes AS;Aktiv;;AS;71.200
977097347;NORDSALTEN AVIS AS;Aktiv;14;AS;58.130
912185613;Sivertsen Trebygg AS;Aktiv;;AS;41.200
916158432;N Bygg AS;Aktiv;;AS;43.320
990310513;Arctic Spill Control AS;Aktiv;;AS;39.000
966376724;Ascas Miljø AS;Aktiv;5;AS;39.000
916047622;JAA Eiendom AS;Aktiv;;AS;68.209
945988924;iTide Økonomi AS(F);Slettet;;AS;
971048891;Strandgata Eiendom AS;Aktiv;;AS;68.209
915107656;Askvik Aqua AS;Aktiv;;AS;03.213
914397111;Verified AS;Aktiv;13;AS;62.010
916185405;Signe Greivstad AS;Aktiv;;AS;86.904
961517575;Nivo AS;Aktiv;;AS;69.201
914856051;Bergsprengeren AS;Aktiv;;AS;43.120
984404662;Oslo Politis Pensjonistforening;Aktiv;;FLI;94.991
988561835;Altieik AS;Aktiv;;AS;31.090
912797589;Din Byggpartner AS;Aktiv;;AS;41.200
811903922;Economica AS;Aktiv;;AS;70.220
816235502;INDUSTRISTÅL AS;Aktiv;;AS;46.720
916215215;Småloppene AS;Aktiv;10;AS;47.792
929408039;Catwalk AS;Aktiv;12;AS;47.710
929794729;Folki AS;Aktiv;;AS;88.994
932925982;Udelt AS;Aktiv;7;AS;62.020
979775571;Ramberg  Byggevarer AS;Aktiv;9;AS;47.522
912872122;Fyresdal Næringshage AS;Aktiv;;AS;70.220
917855056;Sigvart Asle Lie;Aktiv;;ENK;68.209
976861213;Hurd Økonomi & Regnskap AS;Aktiv;10;AS;69.201
971155450;Probus AS;Aktiv;6;AS;69.201
916094051;Bjørns Bil AS;Aktiv;;AS;45.112
951869880;Fram Kino;Aktiv;18;AS;59.140
990078424;Arena Drift AS;Aktiv;;AS;93.110
981470850;Narvik Rideskole Skjomen AS;Aktiv;5;AS;93.190
915991262;Vestfold Truckservice AS;Aktiv;12;AS;33.120
979924720;Network Broking AS;Aktiv;;AS;46.180
929551265;STS-Surface Treatment Systems AS;Aktiv;;AS;46.750
916283776;AppLetify AS;Aktiv;;AS;47.990
987770384;Aktivapluss AS;Aktiv;7;AS;69.201
999150985;Lyn Regnskap AS;Aktiv;;AS;68.100
989957422;Din Regnskapsfører AS;Aktiv;;AS;69.201
982848547;Nesttun Blomster AS;Aktiv;8;AS;47.761
993253375;N.K.S. Kløveråsen AS;Aktiv;44;AS;86.104
987447702;Økoråd Hadsel AS;Aktiv;13;AS;69.201
939611908;Admit AS;Aktiv;;AS;70.220
979713894;Jansson & Larsen Regnskap AS;Aktiv;22;AS;69.201
997626079;Degree -Test API;Aktiv;12;AS;62.020
000000000;Ikke i bruk;Feil;;;
980386465;Maestro Integrasjon;Aktiv;92;AS;58.290
915498892;Ulvsvåg Eiendom AS;Aktiv;;AS;68.209
915703534;Tøyen Sportsklubb;Aktiv;82;FLI;93.120
916346220;Undo AS;Aktiv;5;AS;86.909
981563794;Narvik Hestesportsenter Skjomen AS;Aktiv;;AS;93.110
989410164;Strandgata 30 Eiendom Sortland AS;Aktiv;;AS;68.209
992890002;Ide Møbler Bodø AS;Slettet;;AS;
995682621;Mariela Frisør AS;Aktiv;5;AS;96.020
994251104;Stylist-X AS;Aktiv;;AS;96.020
977558093;Graf a.s;Aktiv;;AS;74.102
916078161;Cfo Regnskap AS;Aktiv;;AS;69.201
988784710;Den4dogs AS;Aktiv;;AS;32.990
973199730;Novatek AS;Aktiv;7;AS;71.122
990078408;Arena Bygg AS;Aktiv;;AS;41.200
915329969;Seasmart AS;Aktiv;;AS;71.129
926091980;Solum Bokvennen AS;Aktiv;17;AS;58.110
968921746;Bokvennen Forlag AS;Aktiv;;AS;58.110
964115176;Vidarforlaget AS;Aktiv;;AS;58.110
941139876;Transit AS;Aktiv;;AS;58.110
983041809;Økoråd Leknes;Aktiv;7;AS;69.201
997066782;Varanger Regnskap AS under avvikling;Slettet;;AS;
935490650;Yrkeslitteratur AS;Aktiv;;AS;58.110
980584380;Gaidaros Forlag AS;Aktiv;;AS;58.190
931454382;Gratangen Mekaniske Industri AS;Aktiv;18;AS;28.920
919679573;Trafikkjentene AS;Aktiv;73;AS;52.219
970509518;Runa Welle Gravferd, Dekoratør og Tjenester;Aktiv;;ENK;96.030
997604296;Degree Holding Group AS;Aktiv;;AS;68.209
893823972;Filemail AS;Aktiv;;AS;63.120
988259977;Økoråd Øksnes AS;Aktiv;9;AS;69.201
912079007;Fn Eigedom AS;Aktiv;;AS;68.209
979473141;APTO AS;Aktiv;16;AS;62.020
939532595;Grefsen AS;Aktiv;9;AS;68.209
971259582;Bærum Næringsråd;Aktiv;;FLI;94.110
893509992;Vesterålen Varmepumper AS;Aktiv;;AS;43.222
953686295;Høydepunkt Arrangementsservice AS;Aktiv;11;AS;79.903
971402423;SKÅNLAND STALL OG RIDEKLUBB;Aktiv;;FLI;01.620
995256673;Nordlandsmat AS;Aktiv;;AS;46.390
915467970;Fosenterminalen Bessaker AS;Aktiv;;AS;52.211
992797576;Bærum Regnskap AS;Aktiv;5;AS;69.201
988939757;Nordic Naturals AS;Aktiv;;AS;46.330
921091087;Ballstadøy AS;Slettet;;AS;
965630201;Hjørnekiosken Eiendommer AS;Aktiv;;AS;68.209
996768910;Melbu Folkebad SA;Aktiv;11;SA;93.110
916242360;Dp Øya Eiendom AS;Aktiv;;AS;88.996
980562484;Sonja Blomster AS;Aktiv;10;AS;47.761
916276273;Parken Blomster AS;Aktiv;;AS;47.761
993624268;Balloonburger AS;Aktiv;8;AS;56.101
962077447;Nitschke & Borgting Økonomibyrå AS(F);Slettet;;AS;
971437286;Stiftelsen Kunstnernes Hus;Aktiv;44;STI;90.011
916481063;Something From Nothing;Aktiv;;ENK;59.200
995257610;Maurtua Private Barnehage AS;Aktiv;11;AS;88.911
911873095;Nilsen Revisjon;Aktiv;;ENK;69.202
989289292;Hemek AS;Aktiv;;AS;71.129
989158953;Kulta Invest AS;Aktiv;;AS;93.291
984353693;Transport Service Nordland As;Slettet;;AS;
998835909;Kringla AS;Aktiv;39;AS;10.710
997844475;Eidcon Økonomi AS;Aktiv;;AS;69.201
938683913;ADB-Senteret A/S;Aktiv;14;AS;69.201
989194380;Pekama AS;Aktiv;;AS;70.220
969078082;Motus AS;Aktiv;;AS;62.010
970321160;Byggmester Svenn Liljebakk;Aktiv;;ENK;41.200
831087692;EconPartner AS;Aktiv;43;AS;69.201
998053013;Egil Byggtjeneste AS;Aktiv;9;AS;41.200
997278356;Blichfeldt Tangen Fjeld Målgruppeinnsikt AS;Aktiv;;AS;70.220
983821057;Oddbjørn Ullestad;Aktiv;;ENK;43.120
994679708;Frap Eiendom AS;Slettet;;AS;
946063940;Grant Thornton Økonomiservice AS;Aktiv;26;AS;69.201
951499072;Kallesten Revisjon og Regnskap AS;Aktiv;23;AS;69.202
954680541;JM Bilsalg Nybråten;Aktiv;;ENK;45.112
996251837;Frajo AS;Aktiv;;AS;68.209
912206599;V1 Invest AS;Aktiv;;AS;68.209
988067687;Fiskehallen Drift AS;Aktiv;16;AS;47.230
914549760;Nerdrums Opmaaling AS;Aktiv;12;AS;71.123
982396778;Envision IT AS;Aktiv;;AS;62.020
971577061;BOSSMO & YTTEREN IL;Aktiv;;FLI;93.120
970306161;IL Stålkameratene;Aktiv;;FLI;93.120
814531082;Avant;Aktiv;;FLI;94.991
969809834;Øyvind Helge Førre;Aktiv;;ENK;01.410
989021214;Nåden Invest AS;Aktiv;;AS;47.642
965630767;Steffensen Maskin & Transport;Aktiv;5;AS;43.120
994617834;Stiftelsen Narviksenteret;Aktiv;25;STI;91.022
948195003;Stiftelsen Nybo;Aktiv;6;STI;68.209
991091025;Lystpå AS;Aktiv;33;AS;56.210
913251563;Bioselect Norge AS;Slettet;;AS;
995605406;Salt Lofoten AS;Aktiv;26;AS;72.110
990390886;Isos Eiendom AS;Aktiv;;AS;68.209
913459253;Rs1 Bygg AS;Aktiv;11;AS;41.200
998320399;Starworks AS;Aktiv;;AS;74.903
912899586;TEST DB;Aktiv;;AS;62.020
983200532;Clarify Holding AS;Aktiv;;AS;70.220
991941495;Norwegian Adventure Company AS;Aktiv;6;AS;93.291
983592945;Kontor Renhold AS;Aktiv;5;AS;81.210
920533248;Konkylien AS;Aktiv;;AS;73.110
991921494;Steigen Vertshus As;Aktiv;19;AS;55.101
968651242;Atlanterprodukter AS;Aktiv;12;AS;43.919
999114954;Incube AS;Aktiv;;AS;70.220
957701752;Ofoten Takst AS;Aktiv;;AS;71.121
985448663;Ditt Tiltak AS;Aktiv;;AS;88.991
924993464;Fosen Trafikkskole AS;Aktiv;6;AS;85.530
984036949;Lofothavn AS;Aktiv;;AS;68.209
880589652;Narviking AS;Aktiv;;AS;52.219
980397378;Harstad og Omland Bilberging AS;Aktiv;;AS;52.219
897380552;Optituning AS;Aktiv;6;AS;45.200
895435392;Kato Anlegg AS;UnderAvvikling;;AS;43.120
988350362;Capient AS - gammel klient;Aktiv;19;AS;70.220
913537521;AS Claus Riis Gate 6;Aktiv;;AS;68.320
914949181;Peritus Invest AS;Aktiv;;AS;68.100
960580168;FREEFORM;Aktiv;;ENK;74.102
967866032;Brødrene Jacobsen Aut Rørleggerbedrift AS;Slettet;;AS;
997626079;Degree AS;Aktiv;12;AS;62.020
984573308;Blåst AS;Aktiv;15;AS;23.130
913158881;Studio Vestnes AS;Aktiv;;AS;90.033
998190940;Rosnes Produksjon AS;Aktiv;15;AS;01.190
998304954;Rosnes Gårdsdrift AS;Aktiv;42;AS;01.130
952636014;AS Scenario Interiørarkitekter MNIL;Aktiv;12;AS;74.103
975419495;Gratangen Idrettslag;Aktiv;;FLI;93.120
986665773;518 Steinerbarnehagen Rotnissen;Aktiv;32;STI;88.911
996760006;Hildonens Transportservice AS;Aktiv;23;AS;49.410
989081438;Holtet Bygg & Taksering AS;Slettet;;AS;
987918012;Årbogen Transport AS;Aktiv;29;AS;49.410
911955598;Tota AS;Aktiv;;AS;77.310
925947210;Accountor Hamar AS;Aktiv;28;AS;69.201
995826178;Norske Naturfotografer;Aktiv;;FLI;94.991
930083305;VB Sykkylven Rør AS;Slettet;;AS;
993734977;Promal AS;Aktiv;7;AS;43.341
914084466;Mouchiouse Music AS;Aktiv;;AS;90.011
990230099;Borettslaget Multebærholmen;Aktiv;;BRL;68.201
997592646;Sb Produksjoner AS;Aktiv;;AS;74.903
912250423;Tannlegene Bergsdal og Skulbru AS;Aktiv;;AS;86.230
988350923;Advokatfirmaet Hienn AS;Slettet;;AS;
998551609;Norfloor Lofoten AS;Aktiv;;AS;46.739
981047168;Hårsveisen AS;Aktiv;;AS;96.020
913472853;Exciter AS;Aktiv;;AS;70.220
993763233;Galleri Ramfjord AS;Aktiv;9;AS;90.033
916497083;Mjelva Invest AS;Aktiv;;AS;68.209
987209704;Ajour Regnskap Mandal AS;Aktiv;7;AS;69.201
912860647;Fell Marine Holding AS;Aktiv;;AS;71.129
916523270;Vaxa Group AS;Aktiv;;AS;68.100
994698672;Fürst & Far Film og Fjernsyn AS;Aktiv;;AS;59.110
912561259;Arctic Rein og Vilt AS;Aktiv;9;AS;10.130
982585058;Maskinentreprenør Kristian Kristiansen AS;Aktiv;40;AS;42.210
891677812;Bodø Volley;Aktiv;;FLI;93.120
916497210;Aag Trafikkskole AS;Aktiv;;AS;85.530
985606633;Geolofoten AS;Aktiv;6;AS;71.123
813837692;Tytlandsvik Aqua AS;Aktiv;36;AS;03.212
915493157;Hårstrået Frisør Narvik AS;Aktiv;5;AS;96.020
926087703;Økonomibyrået A/S;Slettet;;AS;
916570422;Chang Leonard AS;Aktiv;5;AS;96.020
983149065;Mandalitten Restaurantdrift AS;Slettet;;AS;
912738418;Lu Consult AS;Aktiv;;AS;71.129
988936871;Fauske IL Alpint;Aktiv;;FLI;93.120
981580915;Rørleggerfirma VVS-Proffen AS;Aktiv;10;AS;43.221
993044059;Nordvaranger Eiendom AS;Aktiv;;AS;68.320
996761916;Villa Eiendomsutvikling AS;Aktiv;;AS;41.200
999562728;Jlp Invest AS;Slettet;;AS;
916263074;TEMP Holding AS;Aktiv;;AS;55.202
956781302;Ájvan Økonomi AS;Slettet;;AS;
987632380;Grant Thornton Revisjon AS;Aktiv;39;AS;69.202
914813123;Norway Designs AS;Aktiv;17;AS;47.789
916306962;Sørjoh AS;Slettet;;AS;
911712644;Hotspur Holding AS;Aktiv;;AS;68.310
916611145;GN BYGG AS;Aktiv;;AS;41.200
917934436;Åbygg AS;Aktiv;11;AS;41.200
983982964;Ole Liljebakk AS;Aktiv;;AS;41.200
985024510;Rimo Reklame AS;Aktiv;9;AS;18.120
923774688;KBE Maskinutleie AS;Aktiv;12;AS;77.390
916061269;Ballangen Autosenter AS;Aktiv;;AS;33.120
957508979;Bygger'n Boligservice AS;Aktiv;14;AS;47.521
983715737;Boliginnrederne AS;Aktiv;5;AS;74.103
988325686;GLASS I NOR Solskjerming AS;Aktiv;;AS;43.290
990018472;K Thorbergsen Mekaniske AS;Aktiv;;AS;25.620
980965686;Fagernesveien 4 AS;Aktiv;;AS;68.209
996399567;Fasade & Boligteknikk AS;Konkurs;;AS;43.320
992829990;Nordsalten Blikk AS;Aktiv;;AS;43.911
997034112;Berge Anlegg AS;Aktiv;;AS;43.120
969109689;Veteranmopeden.no Christian Westye Egeberg;Aktiv;;ENK;46.750
816561752;thorir.photo AS;Aktiv;;AS;74.200
971172207;Kvito AS;Aktiv;8;AS;88.994
996034534;FIRST Scandinavia Partner AS;Aktiv;;AS;85.609
980455157;Sparebank 1 Regnskapshuset Nord-Norge AS Avd Sortland;Feil;;;
880706802;Pleyms Hvitevare Service;Slettet;;ENK;
963679157;Folkehøgskolen Nord-Norge;Aktiv;15;STI;85.591
998469597;Bjørn frisør AS;Aktiv;15;AS;96.020
875792032;Centrum Eiendom AS;Aktiv;;AS;41.109
895745952;Marius Design AS;Aktiv;;AS;74.102
984086156;Proxima Eiendom AS;Aktiv;;AS;68.209
989837680;Tiva AS;Aktiv;;AS;85.599
992356898;Directa AS;Aktiv;22;AS;69.201
986464492;Optimal Regnskap AS;Aktiv;10;AS;69.201
995606038;Roy Hjelmeland;Aktiv;;ENK;55.202
984633599;Grønt Vedlikehold AS;Aktiv;6;AS;81.300
971435828;Norske Grafikere;Aktiv;6;FLI;94.120
932757249;Hundvåg Fysikalske Institutt AS;Aktiv;;AS;86.902
912009181;AS Glea;Aktiv;35;AS;10.201
911806800;Maestro Eiendom AS;Aktiv;;AS;68.320
997024966;Meko Holding AS;Aktiv;;AS;45.200
948235757;Steigen Oljeservice A/S;Aktiv;23;AS;46.710
882456412;Nordhealth Norway AS;Aktiv;21;AS;58.290
992132957;Sanimalis AS-gammel klient;Slettet;;AS;
991445749;Hamarøy Vekst AS;Aktiv;5;AS;88.994
923627804;Oddmund Groven AS;Aktiv;37;AS;49.410
912066258;Vestsiden Tannlegekontor AS;Aktiv;11;AS;86.230
979889402;Elda Foods AS;Aktiv;5;AS;10.710
971590734;Amphibia AS;Aktiv;;AS;69.201
998362709;S.E.P. Consult AS;Aktiv;5;AS;71.121
911894122;Havbåra AS;Aktiv;;AS;03.111
998131669;JONUS AS;Aktiv;;AS;41.200
916210264;Hygglo AS;Aktiv;;AS;62.010
980387984;Maleriet AS;Aktiv;;AS;43.341
998896312;Kikitepe AS;Aktiv;;AS;90.011
912737551;Manage AS;Aktiv;;AS;68.209
921440626;GRAVALID EIENDOM AS;Aktiv;;AS;68.209
988777773;A Capella AS;Aktiv;;AS;58.290
998322367;BB Montering AS;Aktiv;8;AS;41.200
992932767;Norheim Regnskap AS;Aktiv;7;AS;69.201
974349191;Nordisk Film & TV Fond;Aktiv;8;ANNA;94.992
982587190;FIRST Scandinavia;Aktiv;20;STI;94.992
911912805;Kran og Entreprenørtjenester AS;Aktiv;12;AS;43.120
912892220;United Influencers Norway AS;Aktiv;;AS;90.035
981648714;Ptp Partner Eiendom AS;Aktiv;;AS;68.209
916683898;Essal HHD AS;Aktiv;;AS;55.101
966890134;Det Lille Kjøkken AS;Aktiv;30;AS;56.102
997594541;Garage 15 AS;Aktiv;8;AS;46.620
988639702;Frost Animation;Aktiv;;ENK;59.120
998796938;Stranda Fjellgrend AS;Konkurs;;AS;41.109
919332646;Arth Norderhaug's Eftf AS;Aktiv;7;AS;25.610
985435588;Mikalsen Film og Video;Aktiv;;ENK;47.410
922173478;Opus Økonomi AS;Aktiv;;AS;69.201
897723662;Oasen Tannlege-Senter AS;Aktiv;7;AS;86.230
891991312;Kystbutikken AS;Aktiv;;AS;47.111
958167806;Bygg og Tømrermester Jarle Sørensen;Aktiv;;ENK;41.200
994492772;Ramberg Fisk AS;Slettet;;AS;
988306665;Ugedal Energi AS;Aktiv;;AS;35.111
996487857;Gusterud Bygg AS;Aktiv;16;AS;41.200
985984247;Barnehagen Vier SA;Aktiv;22;SA;88.911
999597599;Eidsvoll Eiendomsutvikling AS;Aktiv;;AS;41.109
919827432;Cadena AS;Aktiv;;AS;68.100
916548311;Pott og Panne AS;Aktiv;;AS;74.903
926441523;NN Regnskap AS;Aktiv;;AS;69.201
999627536;Narvik Flis og Ovnsmontasje AS;Aktiv;;AS;43.990
936979505;KG Consult Industriprodukter AS;Aktiv;;AS;46.900
947719068;NESO SA;Aktiv;21;SA;94.110
992657960;Holmsnes Vannverk SA;Aktiv;;SA;36.000
985066302;Stiftelsen Human Rights Service HRS;Aktiv;;STI;94.991
940964393;Tributum AS;Aktiv;;AS;81.210
958869355;Beveren Sport;Aktiv;;ENK;47.641
914817080;Lege Bernard Holthe AS;Aktiv;;AS;86.211
916672446;Tapebook AS;Aktiv;;AS;46.694
916750382;M. ELLINGSEN SKOGSDRIFT AS;Aktiv;;AS;02.400
993769096;INVENTECH AS;Aktiv;;AS;71.129
916708890;Ventura forlag AS;Aktiv;;AS;58.110
914836433;Nesset Spiseri AS;Aktiv;5;AS;56.101
992567422;Treungenfestival AS;Aktiv;;AS;90.020
992234547;Frejan AS;Aktiv;;AS;68.209
974432153;T Havn AS;Aktiv;;AS;69.201
916612745;SusannaSonata AS;Aktiv;;AS;90.011
991243542;Motor & Marine Rotsund AS;Aktiv;5;AS;45.112
914015170;Tore Audun Haugo, drosjeeigar;Aktiv;;ENK;49.320
977298628;Knai & Knai AS;Aktiv;;AS;74.909
983744745;Sport 1 Hvittingfoss AS;Aktiv;7;AS;47.641
996741419;Maskin-Invest AS;Aktiv;;AS;46.694
816765552;TK Betong og Grunn AS;Aktiv;;AS;71.121
885413692;Martin Freltofte Bygg;Aktiv;;ENK;41.200
970946853;Helgeland Folkehøyskole;Aktiv;;SÆR;85.591
999594689;Langnesværing AS;Aktiv;;AS;03.111
912109356;Myreværing AS;Aktiv;;AS;03.111
930962392;Nord-Norge Eiendomsselskap AS;Aktiv;;AS;68.209
993384437;Alltidklar Hytteservice AS;Aktiv;;AS;43.320
976107209;Henry Hansen Optikk AS;Aktiv;;AS;47.782
982150086;Henry Hansen Eiendom AS;Aktiv;;AS;68.209
911798778;Bodø Andelslandbruk SA;Aktiv;;SA;01.130
951878863;Narvik Bilutleie A/S;Aktiv;;AS;77.110
980398730;Bm-Trading Eiendom Bjørn Martinsen AS;Aktiv;;AS;68.209
912172910;Arctic Chef AS;Aktiv;;AS;56.290
914884748;Henriksen Ventilasjon AS;Aktiv;40;AS;43.223
998643511;Stene Johansen AS;Aktiv;11;AS;81.300
980738787;RegnskapsTeam Hallingdal AS;Aktiv;11;AS;69.201
925348589;Lift Me AS;Aktiv;10;AS;77.320
975257665;Tango Hår og Terapi Jorun Margrete Alvær Hauge;Aktiv;;ENK;96.020
995073307;Orkla Health Ocean AS;Aktiv;30;AS;10.411
915837328;Moment Bygg AS;Slettet;;AS;
815497732;Evja Property AS;Aktiv;;AS;68.100
989699571;Siranee's Thaimat v/Siranee Upawong Viken;Aktiv;;ENK;56.210
816827922;R HANSEN AS;Aktiv;;AS;77.320
915126847;Formula Leasing AS;Aktiv;;AS;77.110
995285835;Odin Entreprenørfirma AS;Aktiv;13;AS;43.341
916763018;YTTEREN IDRETTSPARK EIENDOM AS;Aktiv;;AS;68.209
951575003;Buholmens Byggeselskap AS;Aktiv;9;AS;68.100
995811685;Teamwork Norway AS;Slettet;;AS;
998040663;Stavset Consult AS;Aktiv;;AS;71.121
961050316;Kalle AS;Aktiv;9;AS;55.202
998791782;Mortensen Kystfiske AS;Aktiv;;AS;03.111
998836883;Narvik Betongbrygger AS;Aktiv;;AS;23.610
992105259;Lillerovde Maskin AS;Aktiv;11;AS;43.120
913667204;Nordfra AS;Aktiv;;AS;62.010
915558097;Miljø Container AS;Aktiv;13;AS;38.110
941729746;Kronstad Eiendom AS;Aktiv;;AS;68.100
816572932;Høgebakken Eiendom AS;Aktiv;;AS;68.209
913917685;Bo I Gratangen AS;Aktiv;;AS;68.209
932354551;NONSPACE AS;Aktiv;19;AS;74.102
913664191;Brandpeople AS;Aktiv;8;AS;74.903
911108860;Sev. Dahl & Co AS;Aktiv;;AS;68.100
990046468;Agrolink AS;Aktiv;6;AS;01.130
929880188;Blix Bygg AS;Aktiv;13;AS;41.200
915338011;Park 34 AS;Aktiv;;AS;41.200
896232762;Vannkanten AS;Aktiv;;AS;68.209
816360552;Valle Eie AS;Aktiv;;AS;69.201
993800139;ECIT Viken AS avd Årnes;Aktiv;254;AS;69.201
982961629;Vestfjord Brønnbåtservice AS;Aktiv;;AS;50.202
823422342;Myre Kystfiske AS;Aktiv;;AS;03.111
980015033;Økonomi og Konsulent Service AS;Aktiv;7;AS;69.201
916558880;Essal FH AS;Slettet;;AS;
962399223;Tannlegen I Nesset AS;Slettet;;AS;
998735211;Vornes Kystfiske AS;Aktiv;;AS;03.111
992801964;Bilberging Troms AS;Aktiv;;AS;52.219
924913177;Vesterålen IKT AS;Aktiv;;AS;62.010
994641603;VIKT Consulting AS;Aktiv;6;AS;62.020
981337530;Harald Johansen Eiendom AS;Aktiv;6;AS;68.209
979939949;Joh Ludv Johansen Eiendom AS;Slettet;;AS;
916885814;A Josefsens Eftf AS;Aktiv;;AS;47.710
992396342;Vill & Vakker Medispa AS;Aktiv;;AS;86.909
982913195;Vestmar Regnskap AS;Aktiv;13;AS;69.201
915411150;Fundanor AS;Aktiv;;AS;46.739
989916513;S. Thorbergsen Holding AS;Aktiv;;AS;00.000
916727941;Bjugn Bilservice AS;Aktiv;12;AS;45.200
994018175;Niko Eiendom AS;Aktiv;;AS;68.209
994883291;Langseth Services AS (IKKE PARTNERKLIENTEN);Aktiv;29;AS;69.201
947214489;Kjell Haver Regnskapsservice AS;Aktiv;35;AS;69.201
915583075;Moen Graving og Utleie AS;Aktiv;;AS;43.120
989958860;NARVIK BOWLING OG LEKELAND AS;Aktiv;9;AS;93.110
943592691;Tømmervikgruppen AS;Aktiv;;AS;68.209
886040962;AKS Frisør og Velvære AS;Aktiv;5;AS;96.020
883214072;Hansja Maskin & Utleie Hans J Arntzen;Aktiv;;ENK;43.120
911712148;Geoprovider AS;Aktiv;24;AS;71.122
997516699;Iqon AS;Aktiv;;AS;71.129
998547113;Jorids Lefsebakeri AS;Aktiv;18;AS;10.710
998510228;Benonisen Fiskeri AS;Aktiv;;AS;03.111
996325660;Mohr AS;Aktiv;;AS;09.109
979897952;Geo-42 AS;Aktiv;;AS;71.122
997831918;Geoprovider Seismic AS;Aktiv;;AS;71.122
913580648;Ingeniør Granberg AS;Aktiv;;AS;71.129
989480669;Advokatfirma Bjørn H. Larsen AS;Aktiv;;AS;69.100
996086011;Steig Transport AS;Aktiv;15;AS;49.410
991430741;FRONT FRISØR SANDGATA AS;Aktiv;;AS;96.020
916211627;PU Fabrikken AS;Aktiv;;AS;31.090
984285515;Fuglefjellet AS;Aktiv;10;AS;59.110
996707644;Trac Holding AS;Aktiv;;AS;70.220
989767453;Oa Trading;Aktiv;;ENK;49.320
995516691;Fagernes Boligbygg AS;Aktiv;;AS;77.390
914931118;Eden Aquatech AS;Aktiv;;AS;36.000
989821865;Oddgeir Pettersen;Aktiv;;ENK;68.209
916171099;Craig Alibone Chocolate AS;Aktiv;10;AS;10.710
874496782;Feionor ANS;Aktiv;;ANS;46.442
919255994;Brødrene Jobsen AS;Aktiv;5;AS;43.120
911913119;Djupvikveien 15 AS;Aktiv;;AS;68.209
980025616;Hålogaland Eiendomsutvikling AS;Aktiv;;AS;68.209
916870345;Navidium AS (konkurs);Slettet;;AS;
915569293;Vestmarka Industribygg AS;Aktiv;;AS;68.209
928978508;Bil og Anleggssupport Drift AS;UnderAvvikling;;AS;77.320
916603371;SILVANORD AS;Aktiv;;AS;02.400
975506339;Norske Grafikeres Fond;Aktiv;;ANNA;94.992
916998341;Monica Hellem Photography AS;Aktiv;;AS;74.200
995496763;Runelinvest AS;Slettet;;AS;
888401652;Adwice Sortland AS;Slettet;;AS;
996256553;Vesterålen Storkjøkkensenter AS;Aktiv;6;AS;46.694
988768529;Møysalen Tannklinikk AS;Slettet;;AS;
916945671;A Great Idea AS;Aktiv;;AS;70.220
978647618;Ome Solutions AS;Aktiv;10;AS;69.201
976550420;Hemnes Mek Verksted AS;Aktiv;5;AS;25.110
916612672;Fagkonsulentene AS;Aktiv;;AS;70.220
916884427;Sandsøy Eiendom AS;Aktiv;;AS;68.209
912295044;Aner Holding AS;Aktiv;;AS;68.209
912381226;3a Eiendom 1 AS;Aktiv;;AS;68.209
912381307;3a Eiendom 2 AS;Aktiv;;AS;68.209
912381277;3a Eiendom 3 AS;Aktiv;;AS;68.209
912755061;3a Eiendom 4 AS;Aktiv;;AS;68.209
883391322;Aanerud Bakeri AS;Aktiv;40;AS;10.710
915816614;To Bakere AS;Aktiv;13;AS;10.710
921320787;NDS AS;Slettet;;AS;
916882424;JLK Offshore AS;Aktiv;18;AS;78.200
914600650;ArcticTouch AS;Aktiv;;AS;55.202
814084922;Trond Olsen Mur & Flis AS;Aktiv;;AS;43.990
914344484;CUBE IT AS;Aktiv;;AS;62.020
947839381;Banktrollet barnehage SA;Aktiv;13;SA;88.911
996276783;Slyngstad Eiendom AS;Slettet;;AS;
971282185;Nakholmen Vel;Aktiv;;FLI;94.991
916885830;Dagh Consulting AS;Aktiv;;AS;70.220
916997868;Arctic Trial Racing AS;Aktiv;;AS;74.903
996980685;Bærum Mur og Flis AS;Aktiv;31;AS;43.990
970990534;Fosenlast AS;Aktiv;;AS;49.410
917095019;ABK Teknikk AS;Konkurs;;AS;74.909
989132644;Bgh Invest AS;Aktiv;;AS;45.112
983540384;Salg og Servicepartner Eirik Michaelsen;Aktiv;;ENK;68.209
988455474;Djupdalen Nedre Velforening;Aktiv;;FLI;94.991
913452763;Vesterålen Hageservice-Rune Hansen;Slettet;;ENK;
968349082;Narvik Foreldrelagsbarnehage SA;Aktiv;18;SA;88.911
916847947;Fot & Helse AS;Aktiv;;AS;96.040
992361115;905 WV Eiendom AS;Aktiv;;AS;88.911
990034168;Ballstadværing AS;Aktiv;;AS;03.111
997597079;Straumværing AS;Aktiv;;AS;03.111
984246757;Nesodden Dyreklinikk AS;Aktiv;;AS;75.000
992067357;Norsenga Eiendom AS;Aktiv;;AS;47.521
976504720;Opplæringskontoret for Industrifag Innlandet;Aktiv;;FLI;85.609
913856406;Fa Sápmi;Aktiv;;FLI;93.120
917134693;iPhonelegen AS;Slettet;;AS;
999014313;Gmi Holding Gratangen AS;Aktiv;;AS;28.920
816809932;ANTI AS;Aktiv;59;AS;74.102
919294922;Lia Maskin og Transport AS;Konkurs;;AS;49.410
914389151;Food Lounge AS;Aktiv;11;AS;56.101
994271954;Kongensgate 24 Ålesund AS;Aktiv;;AS;68.209
997244346;Bygda 2.0 AS;Aktiv;;AS;41.109
917145806;GMV Service AS;Aktiv;12;AS;33.150
913014030;Fusa Auto AS;Aktiv;14;AS;45.200
917091358;Cutfab AS;Aktiv;12;AS;31.090
917070970;No Pain No Gain AS;Aktiv;;AS;73.110
936025609;Magnar Nilsen Consulting AS;Aktiv;6;AS;69.201
914454131;NorPro Bygg AS;UnderAvvikling;;AS;41.200
916273584;Hemmingodden Lofoten Fishing Lodge AS;Aktiv;18;AS;55.202
986312161;Grunn og Betong Bodø AS;Aktiv;8;AS;43.120
884321832;Stokkøy Utbygging AS;Aktiv;;AS;41.109
934040996;Sev Dahl Invest AS;Slettet;;AS;
987078278;Sev. Dahl 1867 AS;Aktiv;;AS;68.100
914780659;Godfoten Fotterapi AS;Aktiv;;AS;86.909
991375317;Simplify AS;Slettet;;AS;
917195161;ARCTIC AVIATION AS;Aktiv;29;AS;51.210
983182615;Sameiet Torghallen;Aktiv;;ESEK;
999591450;Nord-Megler AS;Aktiv;8;AS;68.310
989034014;Dino H AS;Aktiv;;AS;68.209
917146594;Reinert AS;Aktiv;;AS;00.000
987709227;Norsk Familieøkonomi Holding AS;Aktiv;;AS;82.990
971494042;HATS - Kompetansesenter for Revy og Teater;Aktiv;28;FLI;94.991
993513938;Follo Barnelege AS;Slettet;;AS;
917193452;Miwell Norge AS;Aktiv;;AS;70.220
993800139;ECIT Services AS avd Skjetten;Aktiv;254;AS;69.201
993800139;ECIT Services AS avd Kongsberg;Aktiv;254;AS;69.201
817156452;Vipcar AS;Aktiv;;AS;77.110
919495324;ECIT Normann & Øygarden AS;Aktiv;27;AS;69.201
982734878;Sunshine Renhold AS;Aktiv;;AS;81.210
993800139;ECIT Services AS avd Fredrikstad;Aktiv;254;AS;69.201
982009936;Magic North as;Aktiv;56;AS;93.291
980386465;PowerOffice Time Testklient;Aktiv;92;AS;58.290
916348797;Narvik Sjåførskole Roger Danielsen;Aktiv;;ENK;85.530
963240910;FDVKONSULT AS;Aktiv;;AS;68.209
986041508;Sjøholt Tannklinikk AS;Aktiv;9;AS;86.230
929694554;Frisikt IT AS;Aktiv;9;AS;62.020
947817418;Networking AS;Aktiv;;AS;68.209
916620721;Prosjekt og Investeringspartner AS;Aktiv;;AS;68.209
816655552;Gloen Kb Invest AS;Slettet;;AS;
917213895;Ar Holding AS;Aktiv;;AS;43.120
919726687;Ekvatek AS;Aktiv;22;AS;37.000
970075070;Sveinung Olsen;Aktiv;;ENK;41.200
917219796;Narvik Composite AS;Aktiv;;AS;71.129
917377766;Teisten AS;Aktiv;;AS;03.111
916336152;FDVcompagniet AS;Aktiv;14;AS;71.121
983255388;Oslo Idrettslag Svømming;Aktiv;358;FLI;93.120
879738342;Braathen & Partners AS;Aktiv;13;AS;69.201
917234884;Nye Kjerringøy Rorbusenter AS;Aktiv;;AS;55.202
989137336;Rune Hilde Invest AS;Aktiv;;AS;86.230
925701572;Tingholmen Eiendom AS;Aktiv;;AS;68.209
977236487;Vadsø Rengjøring AS;Aktiv;8;AS;81.210
993569976;Skalation AS;Aktiv;;AS;70.220
916669313;Steigen Investeringsselskap AS;Aktiv;;AS;68.209
815043782;Inprog API TEST;Slettet;;AS;
996117375;Brødrene Jacobsen Eiendom AS;Aktiv;;AS;68.209
981617770;Stall Bergan AS;Aktiv;6;AS;47.789
916155697;Gamle Ilstad Gård AS;Aktiv;;AS;88.999
983043526;Dælengengt 24 AS;Aktiv;;AS;68.209
919234814;Stormyrveien 37 AS;Aktiv;;AS;46.499
929809556;Nordtro AS;Aktiv;27;AS;88.993
917439869;Promotions.no AS;Aktiv;5;AS;73.110
987698772;Frisørbua AS;Aktiv;5;AS;96.020
965569928;Åsane Allianseidrettslag;Aktiv;;FLI;93.120
996447200;Hans Kristian Stadheim Coaching og Trening;Aktiv;;ENK;85.510
866754802;Aasum Bil AS;Aktiv;6;AS;45.200
971494050;Granbuska barnehage - Sortland;Aktiv;10;SA;88.911
847514582;Gudm Haugstvedt AS;Aktiv;;AS;41.200
911268469;E N Ediassen AS;Aktiv;6;AS;47.772
812830732;Ecit Os AS;Aktiv;12;AS;69.201
915904874;JR Service Narvik AS;UnderAvvikling;;AS;45.200
899541642;Sagene Bryggeri AS;Aktiv;13;AS;11.050
916926014;Storskjæret AS;Aktiv;;AS;68.209
982069483;Norsk Familieøkonomi AS;Aktiv;;AS;82.990
997509781;Stagegaard-Langklopp AS;Aktiv;;AS;43.320
995373068;YVIA;Aktiv;5;FLI;94.120
993800139;ECIT Services AS avd Bergen;Aktiv;254;AS;69.201
991033319;Forfengeligheten AS;Aktiv;5;AS;47.710
979949642;Toten Anlegg og Transport AS;Aktiv;25;AS;43.990
817372902;Langvik Maskin AS;Aktiv;10;AS;43.120
912686086;Store Elvegate 25 AS;Aktiv;;AS;68.320
917427038;Lofoten Glass AS;Aktiv;;AS;23.130
883759702;FDVhuset AS;Aktiv;18;AS;62.010
970918876;TN Dekor AS;Aktiv;;AS;25.990
988816493;Valbjørn Eiendom AS;Aktiv;;AS;68.209
976505689;Stein Erik Stubmo;Aktiv;;ENK;69.201
917485097;MJ MASKINSERVICE AS;Aktiv;5;AS;33.120
917400164;Avon Live Nidaros AS;Aktiv;;AS;90.020
974473372;Nordtek AS;Aktiv;;AS;68.209
987774223;Alfa Økonomi AS;Aktiv;11;AS;69.201
984718667;Sentrumsgården Eigedom AS;Aktiv;;AS;68.209
915361420;Alfateam AS;Aktiv;;AS;70.220
987865245;Huna Sand AS;Aktiv;;AS;08.120
998455030;Wærholm Økonomi AS;Aktiv;;AS;00.000
917338728;Ide Møbler Fauske AS;Aktiv;6;AS;47.591
912186385;Hålandsdal Vekst SA;Aktiv;10;SA;85.201
915529224;Wabi Sabi AS;Aktiv;5;AS;32.120
812178792;T&R Haugen Maskin AS;Aktiv;7;AS;43.120
988383902;Centrum - Tannklinikk AS;Aktiv;6;AS;86.230
916585756;Rallarservice AS;Konkurs;;AS;42.120
917513961;Nordic Mobility AS;Aktiv;;AS;62.020
993230901;Chirita Betongrehabilitering AS;Aktiv;;AS;43.990
920377777;Lavik Dekkservice AS;Aktiv;;AS;45.320
994306618;Grovastøylen AS;Aktiv;;AS;79.903
916584911;Søstrene Lavik AS;Aktiv;;AS;47.112
916860315;DentalEstetics AS;Aktiv;;AS;86.211
993800139;ECIT Services AS avd Jessheim;Aktiv;254;AS;69.201
911833190;Bønner i Byen AS;Aktiv;7;AS;10.830
816273242;Tromsø Sosiale Entreprenørskap AS;Aktiv;;AS;56.101
996460673;Prosjektrådgiveren AS;UnderAvvikling;;AS;71.121
917257434;Haki Mote AS;Aktiv;;AS;47.710
877465772;Zahlfjøsen AS;Aktiv;;AS;68.209
957232167;Fjordesign A/S;Slettet;;AS;
913406818;Caerus Architects AS;Aktiv;7;AS;71.112
996946088;HårTuppan AS;Slettet;;AS;
999156142;Air-Product Norge AS;Aktiv;;AS;46.740
997082680;Johansen Rørleggerservice AS;Aktiv;;AS;43.221
991074651;Penthouse Miradores AS;Aktiv;;AS;68.209
917546355;2Kvik Bygg AS;Aktiv;7;AS;41.200
915109012;Statsnail AS;Aktiv;11;AS;03.111
987563540;SENTRUM ØKONOMI AS;Aktiv;;AS;70.220
981304772;Kvantek AS;Aktiv;5;AS;71.129
917572003;Mediagenten AS;Aktiv;;AS;74.102
953487748;Salgsutvikling AS;Aktiv;;AS;70.210
995340984;Båt & Fritid AS;Aktiv;;AS;47.642
989161245;Heimvik Holding AS;Aktiv;;AS;68.100
914813433;Alfa Nor Regnskap AS;Aktiv;12;AS;69.201
989455087;Hydra Regnskap AS(F);Slettet;;AS;
913515781;JK Krognes AS;Aktiv;;AS;69.201
992768061;BHL DA;Aktiv;28;DA;69.202
998891752;Gislerud Carpets AS;Aktiv;;AS;47.919
916901054;Minimax Lager AS;Aktiv;;AS;68.209
916616031;Kyst-Revisjon AS;Aktiv;;AS;00.000
990311153;Bilpleiehallen AS;Aktiv;18;AS;45.200
992803533;Holmøy Invest AS;Aktiv;;AS;00.000
992803622;KH Invest AS;Aktiv;;AS;64.308
989491067;Ditec Norge AS;Aktiv;;AS;45.320
917525978;Alpha Konsulent AS;Aktiv;;AS;70.220
998341302;Bodø Containerutleie AS;Aktiv;29;AS;77.390
917533458;Absec AS;Aktiv;;AS;46.510
913630254;Lavik Kro AS;Aktiv;13;AS;56.101
992518715;Visit Bodø;Aktiv;6;FLI;79.901
993527270;Oslo Rør & Sanitær AS;Aktiv;7;AS;43.221
999561594;Gullfjell Consulting AS;Aktiv;;AS;70.220
967822760;Fenistra AS;Slettet;;AS;
928461904;JM Føre  AS;Aktiv;24;AS;43.911
912801373;Ditec Holding AS;Aktiv;;AS;45.320
988390275;Gjh AS;Aktiv;;AS;45.200
990494878;Ag Eiendomsinvest AS;Aktiv;;AS;68.209
897645262;Utsyn Industrier AS;Aktiv;;AS;77.320
992803576;BOK-Holding AS;Aktiv;;AS;64.308
988107131;Ag Holding AS;Aktiv;;AS;68.209
986692029;Norkontor AS;Aktiv;;AS;46.650
928091678;Strandvik Transport og Maskin AS;Aktiv;28;AS;49.410
930916935;Fusa Elektro AS;Aktiv;15;AS;43.210
915860257;Heartmakermusic AS;Aktiv;;AS;90.032
985866406;Seljebo Seljestadvegen 7;Aktiv;;ESEK;
976299272;Atlas Helse og Miljøtjenester AS;Aktiv;;AS;86.211
997923472;Takstteam Vesterålen AS;Aktiv;5;AS;74.901
916974841;Pedal Holding AS;Aktiv;;AS;64.308
815450132;Medier24 AS;Aktiv;21;AS;58.130
998484839;Hårek Salong AS;Slettet;;AS;
916196059;Grønne Frisører AS;Slettet;;AS;
911839962;Aktivitetsdosetten AS;Slettet;;AS;
917882282;Linn Furnes Hudpleie;Slettet;;ENK;
996861589;Baggfossen Mikrokraft AS;Slettet;;AS;
989060341;Orian AS;Aktiv;;AS;25.620
912610160;Hammer & Kolaas AS;Konkurs;;AS;68.209
913630696;Gagn Accounting AS;Slettet;;AS;
911802929;FMK Holding AS;Aktiv;;AS;68.100
979598165;Well Intervention Management AS;Slettet;;AS;
964721602;Norsk Hundeutstyr Karina Ingeborg Åmodt;Aktiv;;ENK;47.762
915634222;Tingvollfisk AS;Slettet;;AS;
918536108;Snekkergutta;Aktiv;8;AS;41.200
886659792;Wallbox AS;Aktiv;;AS;46.520
915887872;Botngaard Bioprotix AS;Slettet;;AS;
998201292;Rome Prosjekt AS;Slettet;;AS;
999248861;MS Bygg AS;Konkurs;;AS;41.200
937114184;Molte as;Konkurs;;AS;59.120
980029441;Kafferiet AS;Konkurs;;AS;56.101
914280737;Sviskemaskin AS;Slettet;;AS;
980436780;Gjerde Dykk og Industriservice;Aktiv;;ENK;09.109
915515770;Soltomtar AS;Slettet;;AS;
919129425;Geco Group AS;Slettet;;AS;
985225702;URD Klima Service Oppdal AS;Slettet;;AS;
919605235;AUSTGULEN OG VASSENDEN AS under avvikling;Slettet;;AS;
919665653;Christiania Balkonginglassing AS;Slettet;;AS;
996786919;3t Senior Norge AS;Aktiv;;AS;62.010
977243432;Terje Olsen;Aktiv;;ENK;59.110
918145982;Løpe AS;Aktiv;;AS;70.220
919930691;KSL AS;Aktiv;;AS;70.220
981869877;Fagmøbler Sandnessjøen (Alsten Møbelsenter AS);Slettet;;AS;
913978617;Folkeinvest Formidling AS;Aktiv;;AS;66.190
917767181;Senesa Foods AS;Slettet;;AS;
919982306;Byggtjenester Nord AS;Slettet;;AS;
975848590;Dalen Legesenter DA;Aktiv;5;DA;86.211
987297735;Selmer Nord AS;Aktiv;16;AS;56.102
974370964;KL Transport AS;Aktiv;;AS;49.410
990693633;Astrid Trondsen AS;Aktiv;;AS;86.909
912800261;R. Nikolaisen AS;Slettet;;AS;
884580412;Kristina Almestad EPF;Slettet;;ENK;
967008605;Gjengstø Maskinstasjon;Aktiv;;ENK;49.410
993034320;Odd I. Invest AS;Slettet;;AS;
914070317;Pomodoro AS;Slettet;;AS;
911797259;Prinsdal apotek AS;Slettet;;AS;
912456951;Minimeis AS;Slettet;;AS;
883983092;Eide Gard;Slettet;;ENK;
920271596;Grube Bygg og Maskin AS;UnderAvvikling;;AS;41.200
919909730;Isme Film AS;UnderAvvikling;;AS;59.110
989211870;Robust Invest AS;Aktiv;;AS;71.121
916998236;WRH AS;Aktiv;;AS;62.010
919090502;Jk. Holter Holding AS;Slettet;;AS;
883098692;Gaute Hesthagen;Aktiv;;ENK;90.011
917330212;Gildefjell AS;Aktiv;;AS;43.120
997050568;Fagholding AS;Slettet;;AS;
920692834;Solhaug Utvikling AS;Aktiv;;AS;41.109
995469987;Torptech AS;Aktiv;;AS;70.220
914384729;Nord og ned AS;Aktiv;;AS;62.020
921041527;RØFSDALSKRAFT EIGARSELSKAP AS;Slettet;;AS;
936757499;Tinde Design & Trykk AS;Slettet;;AS;
920933963;Åsen Apotek AS;Slettet;;AS;
986189734;Pelister AS, c/o Stefan Popovski;Aktiv;;AS;81.109
982744288;Lasse Kristiansen Alt Innen Bygg;Slettet;;ENK;
916283636;Gry Andersen Velvære;Aktiv;;ENK;96.020
920597033;SS Fisk AS;Slettet;;AS;
992254467;Digirehab AS;Slettet;;AS;
995497212;Stor-Oslo Grunnentreprise AS;Konkurs;;AS;43.120
984600127;Saga Media Service;Aktiv;;ENK;62.020
815265262;Åstorp Gård ANS;Aktiv;;ANS;68.209
920610447;BAHR EIENDOM AS;Aktiv;;AS;68.209
921560192;Aktiv Boligfornying AS;Aktiv;;AS;43.320
988024325;Mco Bygg AS - 988 024 325;Slettet;;AS;
989810375;Tømrer Duda;Aktiv;;ENK;41.200
920069797;SIA EXPRESS ANDREASSEN;Slettet;;ENK;
914456975;Bømlo Fiskeredskap AS under avvikling;Slettet;;AS;
912434443;Spondyloartrittforbundet Norge;Aktiv;;FLI;94.991
984698119;Documed AS;Slettet;;AS;
998076676;Barn og Baby AS;Slettet;;AS;
994674439;Glamitec AS;Slettet;;AS;
892581762;Sameiet Øvre Storgate 26;Aktiv;;ESEK;68.320
918108858;Strandgaten 72-74 AS;Aktiv;;AS;68.209
920904297;Nyskapende Technologi AS;UnderAvvikling;;AS;71.129
999539912;Istyrelsen AS;Aktiv;;AS;70.220
921726317;Srs Maskin & Utstyrsalg AS;Aktiv;;AS;46.140
916610904;Råkk Huset AS;Aktiv;;AS;55.101
920794157;Haulotte Scandinavia AB;Slettet;;NUF;
821568242;Vamo AS;Aktiv;6;AS;03.111
921782306;Ravn Profil As;Slettet;;AS;
921785127;Evil Investment Corp AS;Aktiv;;AS;64.308
980252256;Mat og Atferd;Aktiv;;FLI;94.991
997892372;Vadsø Fjordhotell AS(under avvikling);Slettet;;AS;
911722003;Coda Forms AS;Slettet;;AS;
920202640;Nordlys Trafikksenter AS;Slettet;;AS;
919667265;Brass Tacks AS;Slettet;;AS;
957216145;Kile Stig-Harald;Aktiv;;ENK;49.320
915053920;Innlagveien 2 AS;Aktiv;;AS;68.209
921552742;Sterg AS;Aktiv;;AS;41.109
915203280;BELL Consulting AS;Aktiv;;AS;70.220
915946291;Hydla Aktiv AS;Slettet;;AS;
995101882;Mia Skagefoss;Slettet;;ENK;
982446333;Byggmester Kompaniet AS;Slettet;;AS;
